ALT,LDH,CK,CK MB,ALDO,LACTA,CO2,NA/K,JB_category
34.4,254.3,1755.917507,3002.074718,43.08727273,3.56,8.062170088,158.85,HEALTHY
6.3,660.8,1107.7,2100,17.3,5.2,3,152.4,HEALTHY
3.3,693.8,750.5,2198,15.7,3.2,6.7,147,HEALTHY
2.4,492.9,124.2,100,16.3,3.5,3.6,146,HEALTHY
2,73.4,1755.917507,3002.074718,16.3,3,0.8,159.6,HEALTHY
1.3,647.8,1755.917507,3002.074718,43.08727273,3.43,8.062170088,150.3,HEALTHY
1,640.9,1755.917507,1403,43.08727273,3.24,7.5,183,HEALTHY
0.7,612.9,1288.9,2400,15.3,4.6,3.4,146.1,HEALTHY
2.95329932,512,1755.917507,3002.074718,43.08727273,0.98,8.062170088,142.65,HEALTHY
2.95329932,597.2,1755.917507,3981,43.08727273,4.02,7.7,168.6,HEALTHY
2.95329932,592.6,1755.917507,201,43.08727273,0.35,5.9,120.45,HEALTHY
2.95329932,606.4,887.43,1418,43.08727273,1.89,7.7,149.7,HEALTHY
2.95329932,699.8,709.1,1952,15.6,2.8,7,158.4,HEALTHY
2.95329932,624.8,646.01,1086,43.08727273,3.33,5.4,152.7,HEALTHY
2.95329932,495.9,390.35,604,43.08727273,3.34,4.5,146.85,HEALTHY
2.95329932,426.9,158.58,3002.074718,43.08727273,0.91,8.062170088,157.05,HEALTHY
2.95329932,325.2,82.8,100,14.5,1.1,9.1,140.4,HEALTHY
2.95329932,677.7,78.78,3002.074718,43.08727273,2.23,8.062170088,181.95,HEALTHY
2.95329932,492.9,72.5,148,15.2,0.9,9.1,129.2,HEALTHY
4.75,662.6,1123.6,2440,43.08727273,1.3,6.2,134.2,HEALTHY
2.49,562.5,1755.917507,3002.074718,43.08727273,0.8,6.6,140.7,HEALTHY
2.03,609.8,280.9,3002.074718,43.08727273,1.9,7.4,133.4,HEALTHY
2.95329932,663.8,1511.4,2600,36.5,0.9,8.5,140.6,HEALTHY
2.95329932,424.1,1190.5,2020,8.7,3.3,8.2,165.2,HEALTHY
2.95329932,630.8,740.2,2080,7.1,3.3,5.8,151.7,HEALTHY
2.95329932,513.9,440,760,26.8,1.6,6.7,144.8,HEALTHY
2.95329932,451.1,398.6,960,27,4.4,5.5,148.5,HEALTHY
2.95329932,391.1,51.8,180,19.5,1.8,8.9,161.2,HEALTHY
2.95329932,211.2,1755.917507,3002.074718,21.6,0.3,5.2,104,HEALTHY
8.8,640.9,1755.917507,20,51.4,1.17,8.062170088,148.2,HEALTHY
4.1,576.9,5072.6,2420,13.7,1.7,10.7,114.9,HEALTHY
3.4,666.8,2267.1,3002.074718,10.7,3.9,6.7,143.6,HEALTHY
3.1,507.9,4736.2,2656,13.3,2.2,8.8,131.6,HEALTHY
2.6,579.9,155.3,3002.074718,6.1,3.3,8.1,153.5,HEALTHY
1.9,460.1,1620.1,5184,13.4,3.2,7.4,150.8,HEALTHY
1.9,262.2,186.3,3002.074718,13.5,2.7,8.1,148.5,HEALTHY
1.9,477.9,165.6,3002.074718,10.4,1.2,8.8,135.3,HEALTHY
1.6,531.9,1992.8,3002.074718,13.9,2.6,6.1,153.9,HEALTHY
1.4,492.9,512.4,3002.074718,10.5,0.8,9.1,124.8,HEALTHY
1.1,543.9,9415.4,3002.074718,13.5,4,5.9,152,HEALTHY
0.8,652.4,1755.917507,3002.074718,43.08727273,4.53,8.062170088,141.3,HEALTHY
0.8,670.8,1755.917507,3002.074718,15,4.16,4.8,148.2,HEALTHY
0.6,334.2,1288.9,3002.074718,7.2,3.9,7.2,151.7,HEALTHY
0.4,573.9,2256.8,3626,12.9,2.8,8.5,139.1,HEALTHY
0.3,433.8,1755.917507,3002.074718,18.9,1.61,8.062170088,143.1,HEALTHY
0.1,492.9,496.9,3002.074718,12.6,1.7,7.3,137.9,HEALTHY
2.95329932,684.8,3085,3002.074718,13.2,3.2,7.4,143.7,HEALTHY
2.95329932,543.9,398.6,3002.074718,13.3,2.2,8,125.4,HEALTHY
2.95329932,391.1,139.8,3002.074718,10.6,1.3,7.4,129.6,HEALTHY
2.95329932,669.8,98.3,3002.074718,10.6,1.9,8.1,128.2,HEALTHY
2.95329932,618.8,93.2,3002.074718,6.5,2.4,7.2,135.3,HEALTHY
2.95329932,401.6,1755.917507,1020,1.2,3.17,4.7,145.5,HEALTHY
2.95329932,477.5,1755.917507,220,0.5,0.79,6.5,146.25,HEALTHY
2.95329932,224.4,1755.917507,3002.074718,4.8,2.07,6.1,139.35,HEALTHY
2.95329932,420,1755.917507,3002.074718,6.5,5.3,8.062170088,145.35,HEALTHY
2.95329932,505.1,1755.917507,3002.074718,10.4,2.59,6.7,148.35,HEALTHY
2.95329932,569.6,1755.917507,3002.074718,4.1,5.8,8.062170088,149.1,HEALTHY
2.95329932,666.2,1755.917507,3002.074718,5.5,3.3,8.062170088,148.5,HEALTHY
10.2,567.9,874.8,1760,187.7,0.4,10.3,162.6,HEALTHY
6.7,367.1,3685.4,7498,43.08727273,1.4,9.7,147.6,HEALTHY
5.7,382.1,2712.3,4640,43.08727273,2.2,11.2,140,HEALTHY
4.6,385.1,1356.1,2562,43.08727273,1,13,145.2,HEALTHY
4.6,193.4,553.8,1122,181,2,12,142.7,HEALTHY
4.1,645.8,4348,6742,43.08727273,3.1,13,132.9,HEALTHY
4.1,304.2,1376.9,2964,14.7,2,11.6,145.5,HEALTHY
4.1,403.1,1309.6,2610,179.4,2.2,12.3,132,HEALTHY
3.9,543.9,6630.6,3002.074718,18.3,1.8,11,113,HEALTHY
3.9,376.1,885.1,1170,43.08727273,3,13.8,133.7,HEALTHY
3.6,472.1,6247.6,9270,43.08727273,0.7,13.8,125.1,HEALTHY
3.4,289.2,4182.3,3002.074718,15.7,4.7,6.1,152,HEALTHY
3.4,370.1,1868.6,3436,43.08727273,0.6,9.9,130.4,HEALTHY
3.1,406.1,1640.8,2776,43.08727273,2.2,13.7,124.1,HEALTHY
2.9,379.1,3628.5,7546,182,1.2,10.4,152.7,HEALTHY
2.9,591.9,1899.6,3530,43.08727273,2.4,12.2,149.2,HEALTHY
2.9,531.9,1630.5,2940,43.08727273,0.5,11.9,148.4,HEALTHY
2.9,403.1,843.7,1760,190.8,0.9,12.5,152.4,HEALTHY
2.4,355.1,3012.5,6530,15.2,4.2,9.3,142.7,HEALTHY
2.4,463.1,942.1,1948,14.9,3.4,7.2,144.5,HEALTHY
2.1,412.1,3690.6,8230,43.08727273,1.8,12.6,140.4,HEALTHY
2.1,331.2,1868.6,3908,13.8,1.5,10.4,143.4,HEALTHY
2.1,274.2,1868.6,3768,43.08727273,1.4,10.6,112.5,HEALTHY
2.1,472.1,1749.5,3412,13.5,4.2,8,146.2,HEALTHY
2.1,645.8,1055.9,3002.074718,13.5,3.4,10.1,138.3,HEALTHY
2.1,265.2,1014.5,1806,43.08727273,0.5,13.6,142.1,HEALTHY
2.1,307.2,843.7,1382,43.08727273,1.2,10.6,124.8,HEALTHY
2.1,477.9,833.4,1712,186.7,1,13.3,129.8,HEALTHY
2.1,280.2,393.4,862,43.08727273,1,10.6,139.8,HEALTHY
1.6,403.1,2743.4,5704,43.08727273,2.3,8.3,146.2,HEALTHY
1.6,193.4,1087,2162,43.08727273,1,11.2,127.8,HEALTHY
1.6,684.8,134.6,224,187.2,0.4,13.4,133.5,HEALTHY
1.4,507.9,2360.3,5018,43.08727273,1,13.7,125.7,HEALTHY
1.4,436.1,1666.7,3412,187.7,2,12.6,143.1,HEALTHY
1.4,400.1,1366.5,2280,43.08727273,2.5,13.7,142.8,HEALTHY
1.4,498.9,1242.3,2704,13,1.9,6.8,147.9,HEALTHY
1.4,292.2,1045.6,3002.074718,14,1.5,9.2,133.2,HEALTHY
1.4,448.1,207,342,14.4,2.2,7.9,158.4,HEALTHY
1.4,229.2,134.6,272,13.4,1.6,10.4,136.1,HEALTHY
1.1,394.1,636.7,3002.074718,13.1,1.2,11.4,140.2,HEALTHY
1.1,193.4,181.2,366,179.4,0.6,11.9,132.8,HEALTHY
0.9,543.9,1490.7,3058,43.08727273,2.9,8.7,132.9,HEALTHY
0.9,298.2,605.6,1122,43.08727273,2,10.5,141.5,HEALTHY
0.9,424.1,445.1,768,178.9,3.5,10.5,149,HEALTHY
0.6,346.1,2738.2,5656,190.8,1.6,10.9,145.4,HEALTHY
0.6,442.1,533.1,980,43.08727273,1.6,13.2,150.9,HEALTHY
0.4,292.2,289.9,460,12.8,1.9,9.7,125.4,HEALTHY
0.1,334.2,719.5,1500,43.08727273,2.2,15.7,125.2,HEALTHY
2.95329932,654.8,823,1594,13.6,2.5,9.1,158.6,HEALTHY
2.95329932,373.1,486.6,932,195.5,1.1,14,148.1,HEALTHY
2.95329932,304.2,315.7,696,43.08727273,0.6,16.2,140.1,HEALTHY
2.95329932,439.1,82.8,200,186.2,0.9,15.8,138.5,HEALTHY
5.5,338.7,4924.8,7469.7,62.1,3.262626263,7.9,110.4964539,HEALTHY
4.8,585.9,483.84,792.87,21.9,3.262626263,7.2,111.2676056,HEALTHY
4.5,441,1419.84,2320.47,27.3,3.262626263,7.7,116.2962963,HEALTHY
3.5,568.8,1179.36,1977.6,25.5,3.262626263,9.3,129.7457627,HEALTHY
3.5,609.3,1042.56,1677.6,59.4,3.262626263,8.8,107.2916667,HEALTHY
3.3,502.8,2223.36,4745.1,46.9,3.262626263,7.2,99.48387097,HEALTHY
3.3,577.4,1310.4,2139.84,64.8,3.262626263,6.1,73.71428571,HEALTHY
2.8,311,1843.2,3551.1,35.3,3.262626263,9.2,104.4594595,HEALTHY
2.8,658.3,1401.12,2320.47,46,3.262626263,8.1,111.4893617,HEALTHY
2.5,528.4,2610.72,5020.5,52.3,3.262626263,4.2,77.6,HEALTHY
2.5,492.1,80.64,140.82,2.2,3.262626263,6.4,83.40425532,HEALTHY
2,553.9,4248,7071.6,58.5,3.262626263,7.7,109.5104895,HEALTHY
4.3,251.4,1859.04,3551.1,43.08727273,3.262626263,4.9,74.44976077,HEALTHY
3.5,624.2,1186.56,1965.36,26.4,3.262626263,7.6,74.23809524,HEALTHY
4.3,270.6,1231.2,2087.82,43.08727273,3.262626263,5.6,105.1351351,HEALTHY
4.3,539,1169.28,1974.54,40.7,3.262626263,5.3,96.41975309,HEALTHY
3.5,413.3,6508.8,9796.2,70.2,3.262626263,3.7,55.17730496,HEALTHY
2.5,285.5,362.88,609.21,43.08727273,3.262626263,4.5,90.23391813,HEALTHY
2,447.4,2567.52,5204.1,22.8,3.262626263,2.6,80.30927835,HEALTHY
0.5,236.5,2247.84,5112.3,22.8,3.262626263,4.7,67.88288288,HEALTHY
2.8,202.4,1598.4,2764.35,13,3.262626263,3.4,68.07017544,HEALTHY
3.1,460.1,1228.8,2618,28.1,3,3.9,45.95930233,HEALTHY
2.1,644.7,1253.5,4098,50,3.2,6.6,49.87138264,HEALTHY
2.95329932,465.8,2413.2,5304,33.8,3.8,2.7,129.9173554,HEALTHY
2.95329932,429.3,1993.7,4400,68.2,2.1,4.5,356.2790698,HEALTHY
2.95329932,309,1811.1,5578,62.4,2.9,6.3,155.4545455,HEALTHY
2.95329932,420.9,1658.1,5934,72.9,3,6.3,140.0952381,HEALTHY
2.95329932,211.2,1569.3,3824,25.3,2.3,6.6,155.505618,HEALTHY
2.95329932,7.1,1253.5,3220,36.7,2.7,6.6,71.19266055,HEALTHY
2.95329932,535.7,996.9,2288,43.4,2.3,9.5,60.74906367,HEALTHY
2.95329932,479.7,957.4,2152,36.7,2.1,3.1,122.4691071,HEALTHY
2.95329932,429.3,814.3,2096,26.2,1.9,5.7,61.6091954,HEALTHY
2.95329932,211.2,750.1,2096,18.6,2.6,6.7,88.62857143,HEALTHY
2.95329932,434.8,542.8,1110,23.4,2.6,5.7,320.8,HEALTHY
2.95329932,499.2,483.6,1274,25.3,1.4,5.7,66.47577093,HEALTHY
2.95329932,401.4,370.1,1082,34.8,2.3,8.1,67.54237288,HEALTHY
2.95329932,281.1,320.8,1220,12.9,2.5,8.1,122.4691071,HEALTHY
2.95329932,401.4,1755.917507,98,1.4,3.3,5,85.60606061,HEALTHY
4.7,378.6,1012.8,1591.8,10,6.5,3.9,68.89423077,HEALTHY
4.2,508.65,1334.4,2632.8,17,7.32,1,67.44186047,HEALTHY
1.8,274.05,1872,3918.4,4.6,7.38,2.1,66.18181818,HEALTHY
1.6,528.45,412.8,734.8,12.1,5.22,4.9,70.02457002,HEALTHY
1.1,449.25,3720,6714.4,20.8,7.62,0.6,62.37580994,HEALTHY
1.1,449.25,9.6,8408.4,26.7,9.3,2,73.95833333,HEALTHY
0.2,565.2,4238.4,8694.2,58.6,7.9,1.8,62.09606987,HEALTHY
0.2,497.4,504,857.2,5.7,6.73,3.5,57.24409449,HEALTHY
0.2,381.45,115.2,2347,5.7,7.4,2.5,65.05643341,HEALTHY
2.95329932,505.8,3364.8,7000.2,15.9,7.12,2.3,67.57142857,HEALTHY
2.95329932,483.3,1958.4,4306.2,15.4,7.26,3.7,45.4340836,HEALTHY
2.95329932,593.4,1152,2183.8,14.9,6.8,4.9,61.77589852,HEALTHY
2.95329932,421.05,864,1673.6,11.6,6.15,3.1,77.54666667,HEALTHY
8.3,498.5,1434.24,2397,6,3.262626263,8.6,89.42857143,HEALTHY
6.5,617.8,2570.4,4989.9,43.08727273,3.262626263,7.2,96.3190184,HEALTHY
4,645.5,1562.4,2687.82,22,3.262626263,11.1,67.76824034,HEALTHY
3.3,592.3,552.96,912.27,4.4,3.262626263,14.2,78.35,HEALTHY
2.8,592.3,708.48,1178.61,10,3.262626263,6.5,79,HEALTHY
2,609.3,4363.2,7102.2,37.2,3.262626263,10.4,102,HEALTHY
1.8,507.1,885.6,1429.62,3.6,3.262626263,3.9,87.75280899,HEALTHY
1.3,573.1,506.88,857.16,4.4,3.262626263,13.8,103.7908497,HEALTHY
1.3,389.9,1239.84,2032.71,6.8,3.262626263,7.7,82.60638298,HEALTHY
0.8,274.8,1247.04,1986.78,43.08727273,3.262626263,8.062170088,106.7361111,HEALTHY
2.95329932,319.6,1111.68,1793.91,2,3.262626263,8.062170088,103.3557047,HEALTHY
3.5,432.5,5457.6,9489.9,41.2,3.262626263,7.7,69.46188341,HEALTHY
2.3,281.2,2888.64,5694,31.6,3.262626263,8.062170088,142.6605505,HEALTHY
2.3,392,2445.12,4347,34.8,3.262626263,8.062170088,171.4285714,HEALTHY
2,360,4176,6949.2,45.2,3.262626263,9.1,118.3458647,HEALTHY
1.8,568.8,2809.44,5847,10.8,3.262626263,8.062170088,104.6206897,HEALTHY
1.8,421.8,2427.84,4408.2,9.2,3.262626263,4.8,114.9264706,HEALTHY
1.8,264.2,911.52,1515.36,8.4,3.262626263,8.062170088,122.4691071,HEALTHY
1.3,268.4,2509.92,5051.1,6,3.262626263,10.5,120.234375,HEALTHY
1.3,468.7,1543.68,2641.92,19.6,3.262626263,5.3,100.0641026,HEALTHY
0.8,349.4,2056.32,3765.3,18,3.262626263,11.9,131.965812,HEALTHY
43.7,322.2,2692.8,4836.8,33.2,7.36,5.8,52.90909091,HEALTHY
2,497.4,2121.6,2469.4,34.8,7.21,6.9,50.13937282,HEALTHY
1.3,502.95,1286.4,2449,37.5,7.98,3.9,63.66812227,HEALTHY
0.9,562.35,1224,2326.6,36.5,7.72,4.6,48.9148581,HEALTHY
0.7,401.25,1526.4,3265.4,26.7,7.04,5.8,62.69565217,HEALTHY
0.4,511.5,1555.2,2775.6,27.3,7.03,6.7,37.43315508,HEALTHY
0.4,511.5,868.8,1673.6,3,6.39,6.7,41.91860465,HEALTHY
2.95329932,568.05,3561.6,6959.4,44,6.84,5.6,35.01228501,HEALTHY
2.95329932,590.55,2064,3857.2,23.5,8.41,2.7,51.21157324,HEALTHY
2.95329932,556.65,2020.8,306.2,26.2,7.65,6.1,44.76635514,HEALTHY
2.95329932,161.1,1339.2,2510.2,12.1,7.21,8,55.62380038,HEALTHY
4.6,619.5,987,2126,17.6,3.6,5.2,31.23595506,HEALTHY
2.4,219.6,4105.8,8946,72,3.1,9.5,140.5035971,HEALTHY
2.1,216.8,4599.3,8988,373.2,2.4,5.9,122.4691071,HEALTHY
2.1,132.9,2240.5,4564,23.4,2.7,5.7,103.480663,HEALTHY
1.1,264.3,1445.9,2902,42.4,5.2,9.2,87.36,HEALTHY
0.1,272.7,1727.2,3680,28.1,2.7,6.2,122.4691071,HEALTHY
2.95329932,437.7,3197.8,5988,40.5,3.3,3.4,66.35761589,HEALTHY
2.95329932,328.7,3044.8,6054,38.6,2.4,6.2,176.8181818,HEALTHY
2.95329932,160.8,2808,5730,83.4,3.4,10.1,52.61538462,HEALTHY
2.95329932,297.9,2566.2,4650,34.8,4.6,9,143.6842105,HEALTHY
2.95329932,166.4,1747,3442,63.4,2.8,9.1,151.0447761,HEALTHY
2.95329932,446.1,1589,3204,33.8,4.1,7.3,122.4691071,HEALTHY
2.95329932,356.6,1371.9,3292,18.6,3,8.5,128.9542484,HEALTHY
2.95329932,434.8,1159.7,2492,58.6,2.7,10.4,72.9390681,HEALTHY
2.95329932,479.7,917.9,2082,36.7,2.3,9.1,81.37339056,HEALTHY
2.95329932,202.8,834,1866,33.8,4.7,8.1,836,HEALTHY
2.95329932,376.2,779.7,1650,16.7,3.8,10.3,56.10810811,HEALTHY
2.95329932,110.6,750.1,1630,11,2.9,5.2,84.39461883,HEALTHY
2.95329932,213.9,681,1500,11,2.2,5.1,214.8192771,HEALTHY
2.95329932,107.7,607,1328,7.1,3.7,3.7,133.6363636,HEALTHY
2.95329932,284,518.2,1090,13.8,3,9.4,90.26431718,HEALTHY
2.95329932,138.5,439.2,982,11,3.1,4.8,356.7924528,HEALTHY
2.95329932,230.7,261.6,616,12.9,2.6,10.4,122.4691071,HEALTHY
2.95329932,1.4,246.7,528,43.08727273,2.8,3.4,213.6144578,HEALTHY
2.95329932,205.5,113.5,334,5.2,2.6,6,76.52509653,HEALTHY
2.95329932,172.1,49.3,118,43.08727273,3.4,6.8,875.2173913,HEALTHY
5.5,383.5,5371.2,7135.89,50,3.262626263,4,118.1538462,HEALTHY
4.5,656.2,4867.2,7316.4,53.2,3.262626263,2.8,115.037037,HEALTHY
4.3,698.8,2075.04,3554.16,38.8,3.262626263,3.9,127.9338843,HEALTHY
3.5,434.6,2780.64,5663.4,43.08727273,3.262626263,8.062170088,122.4691071,HEALTHY
3.5,340.9,1339.2,2265.36,5.2,3.262626263,3.6,132.1367521,HEALTHY
3.3,453.8,1941.12,3425.61,33.2,3.262626263,8.062170088,122.4691071,HEALTHY
2.8,526.2,4004.64,7647.15,70.8,3.262626263,8.062170088,128.0672269,HEALTHY
2.5,375,5040,7775.7,33.2,3.262626263,3.8,128.1512605,HEALTHY
2.5,479.4,4927.68,5883.84,108.4,3.262626263,6.9,144.1666667,HEALTHY
2.3,458.1,2453.76,5755.2,30,3.262626263,8.062170088,150,HEALTHY
2,455.9,2822.4,5479.8,41.2,3.262626263,8.062170088,122.4691071,HEALTHY
1.8,524.1,4325.76,8338.98,100.4,3.262626263,5.2,154.6,HEALTHY
1.8,490,2818.08,5038.92,35.6,3.262626263,6.4,168.1318681,HEALTHY
1.5,637,4328.64,8381.85,86,3.262626263,6.8,124.4715447,HEALTHY
4.8,517.7,4348.8,6092.01,42.8,3.262626263,5.4,127.3333333,HEALTHY
9.7,291.2,2758.6,5474,26.7,5.6,7.6,140.5594406,HEALTHY
5.1,157.2,2595.8,4950,28,4.3,5.9,53.50404313,HEALTHY
4.9,355.2,1914.7,3744,72.7,4.9,6.6,91.15207373,HEALTHY
4.6,687.2,2655,4564,81.4,3.5,6.3,92.89215686,HEALTHY
3.9,431,1070.9,2218,42.9,2.9,6.1,211.3186813,HEALTHY
3.6,256.2,3883.8,8204,42.9,3.8,8.9,540,HEALTHY
3.4,323.1,1485.4,3106,28,3.7,6.4,73.63984674,HEALTHY
3.4,203.9,834,1764,16.8,3,5.3,122.4691071,HEALTHY
3.1,125.2,3410,6430,70.3,4,6.3,95.95,HEALTHY
2.9,160.2,4318,8820,107.6,4.1,8.6,178.1651376,HEALTHY
2.9,221.2,1855.5,3926,50.4,4.1,5.7,156.0483871,HEALTHY
2.9,198,1450.9,2810,46.6,4.2,5.9,155.3658537,HEALTHY
2.9,349.4,424.4,808,51.6,2.5,6.1,186.969697,HEALTHY
2.6,468.8,1944.4,3834,51.6,3.5,6.5,103.6956522,HEALTHY
2.1,428,88.8,262,4.4,4.3,5.2,93.36585366,HEALTHY
1.9,285.3,1416.3,2514,34.2,5.5,6.3,145.5319149,HEALTHY
1.6,270.8,2487.2,5042,47.9,3.9,8.4,58.50144092,HEALTHY
1.6,72.8,1218.9,2446,33,3.4,4.8,133.8686131,HEALTHY
1.4,163.1,1470.6,3448,36.7,2.4,4.5,78.94495413,HEALTHY
1.4,238.8,769.8,1536,10.6,5.1,7.7,114.4642857,HEALTHY
4.9,343.5,1105.4,2528,40.4,2.4,8,109.005848,HEALTHY
4.1,212.5,533,1168,8.1,2.7,8.1,175.9223301,HEALTHY
2.6,294,1001.8,2588,40.4,4.4,9.2,62.66025641,HEALTHY
1.9,136.8,1845.7,4332,86.4,2.7,7.9,94.04255319,HEALTHY
1.9,165.9,1756.8,4272,185.9,2.8,11.3,183.2,HEALTHY
1.9,195,1194.2,2736,26.7,2.2,8.5,133.1451613,HEALTHY
1.9,189.3,454,1080,16.8,3,7.9,71.02941176,HEALTHY
1.6,122.2,1978.9,5070,67.8,3.262626263,8.062170088,132.9285714,HEALTHY
1.6,273.6,1001.8,2616,21.8,3.9,6.2,159.5081967,HEALTHY
1.6,332,227,400,9.3,2.6,7.4,100.2688172,HEALTHY
1.6,259.1,177.7,252,-4.4,4,7.2,76.68049793,HEALTHY
1.4,215.4,557.6,1346,20.5,2.4,10.2,82.88888889,HEALTHY
1.1,75.8,1589,3682,95.1,1.6,5.6,295.7142857,HEALTHY
1.1,623.1,1204.1,2676,93.9,3.8,10.3,64.82200647,HEALTHY
1.1,366.9,1105.4,2824,52.8,4.5,11.1,88.76106195,HEALTHY
1.1,163.1,567.5,1374,21.8,2.7,7.5,99.51351351,HEALTHY
1.1,250.4,14.8,44,43.08727273,3.1,9.4,60.91772152,HEALTHY
0.9,649.2,656.3,1582,80.2,4.4,10.5,106.2983425,HEALTHY
0.9,299.9,557.6,1316,20.5,3.9,9.1,79.32539683,HEALTHY
0.6,163.1,1510.1,3976,102.6,2.3,8.4,84.07894737,HEALTHY
0.4,238.8,2161.5,5338,74,2.3,9.9,98.56382979,HEALTHY
0.4,439.7,281.3,724,24.2,4.8,9.1,79.11290323,HEALTHY
2.95329932,416.4,681,1582,36.7,3.8,7.8,63.5,HEALTHY
2.95329932,145.5,1755.917507,3002.074718,43.08727273,2.6,7.4,175.0442478,HEALTHY
5.8,434.4,2207.49,4667.1,4,4.59,8.062170088,122.4691071,HEALTHY
4.5,363.2,2334.54,5087.1,44.7,6.08,4,122.4691071,HEALTHY
4.5,320.1,2044.35,4366.2,36.1,5.06,6.3,122.4691071,HEALTHY
4.3,376.2,3612.24,8270.7,70.2,4.04,5.3,122.4691071,HEALTHY
3.5,249,2877.39,6350.1,32.6,3.262626263,8.062170088,122.4691071,HEALTHY
3.3,305,1097.25,2263.5,0.5,3.92,5.7,122.4691071,HEALTHY
3,453.8,2530.89,5412.3,1,3.262626263,8.062170088,122.4691071,HEALTHY
2.8,322.3,1754.16,3635.1,7,2.75,6.5,122.4691071,HEALTHY
1,369.7,1250.28,2637.9,13,3.37,6.2,122.4691071,HEALTHY
1,326.6,1208.4,2522.4,18.6,4.34,5.3,122.4691071,HEALTHY
2.95329932,354.6,394.14,783.6,17.1,4.19,2.9,122.4691071,HEALTHY
5.1,262.1,1085.7,932,43.08727273,2.7,11.8,77.23484848,HEALTHY
3.9,564.8,996.9,842,43.08727273,2.5,9.6,110,HEALTHY
3.6,570.6,1450.9,1848,43.08727273,2.9,9.4,150.4511278,HEALTHY
3.6,582.3,725.4,814,43.08727273,1.3,7.5,70.36144578,HEALTHY
3.4,198,1337.4,1286,43.08727273,1.5,9.4,122.4691071,HEALTHY
3.4,264.9,784.7,724,43.08727273,2.9,12.2,80.88235294,HEALTHY
3.4,61.2,621.8,428,43.08727273,1.7,9.7,122.4691071,HEALTHY
3.1,177.6,281.3,280,43.08727273,2.4,6.9,74.79338843,HEALTHY
2.9,489.2,2334.2,2380,43.08727273,3.9,15.9,122.4691071,HEALTHY
2.6,465.8,2344.1,2084,43.08727273,1.4,7.7,140.3305785,HEALTHY
2.6,366.9,1574.2,2232,43.08727273,3.2,13.1,99.90243902,HEALTHY
2.4,489.2,1080.7,1198,43.08727273,3.5,12.7,60.63218391,HEALTHY
2.4,256.2,449.1,134,43.08727273,2.6,9.7,56.26262626,HEALTHY
2.1,652.2,1278.1,1788,43.08727273,3.8,12.7,122.4691071,HEALTHY
2.1,314.4,888.3,784,43.08727273,2.4,10.9,89.5049505,HEALTHY
2.1,468.8,567.5,400,43.08727273,2,7.7,172.4761905,HEALTHY
1.6,544.5,858.7,1080,43.08727273,2.8,7.6,71.03448276,HEALTHY
1.6,454.2,567.5,694,43.08727273,2.4,7.8,68.67424242,HEALTHY
1.6,250.4,537.9,724,43.08727273,1.4,9.8,89.21296296,HEALTHY
1.4,375.6,1302.8,1642,43.08727273,4.9,11.4,151.0791367,HEALTHY
1.4,273.6,878.4,576,43.08727273,2.2,6,376.5217391,HEALTHY
1.4,122.2,784.7,694,43.08727273,1.8,9.1,122.4691071,HEALTHY
1.1,509.6,503.4,636,43.08727273,3,11,76.2835249,HEALTHY
1.1,285.3,192.5,104,43.08727273,3,10,122.4691071,HEALTHY
0.9,285.3,1890.1,1818,43.08727273,2.8,11.1,122.4691071,HEALTHY
0.9,390.2,730.4,636,43.08727273,2.4,8.9,62.42320819,HEALTHY
0.6,329,301,252,43.08727273,1.7,10.8,102.7810651,HEALTHY
0.4,177.6,310.9,134,43.08727273,2,8.2,149.68,HEALTHY
0.1,512.4,192.5,134,43.08727273,2.4,11.2,91.19469027,HEALTHY
4.5,326,4608,7592.1,45.2,3.262626263,2.8,52.76450512,HEALTHY
3.8,347.3,3729.6,7102.2,58,3.262626263,3.7,114.057971,HEALTHY
3.5,575.2,5198.4,9765.6,126.8,3.262626263,4.6,67.07423581,HEALTHY
3.5,413.3,4536,7132.8,95.6,3.262626263,12.5,48.27586207,HEALTHY
3.5,481.5,4118.4,6336.9,95.6,3.262626263,8.062170088,122.4691071,HEALTHY
3.3,300.4,3916.8,6857.4,44.4,3.262626263,5.8,109.9285714,HEALTHY
2.8,438.9,6480,9612.6,159.6,3.262626263,7.9,90.64327485,HEALTHY
2,221.6,5731.2,9918.6,92.4,3.262626263,5.3,55.63176895,HEALTHY
1.8,330.2,2692.8,4163.4,58.8,3.262626263,8.062170088,97.9245283,HEALTHY
15.2,276.6,6578.2,5958,43.08727273,7.6,11.1,50.86633663,HEALTHY
7.4,221.2,760,606,43.08727273,5.5,10,122.4691071,HEALTHY
4.6,550.2,873.5,814,43.08727273,5.2,12.4,68.56643357,HEALTHY
4.4,375.6,2891.9,3060,43.08727273,4.5,11.1,69.93006993,HEALTHY
3.9,634.7,1189.3,1168,43.08727273,8.6,13.1,39.06086957,HEALTHY
3.6,588.2,1441,1228,43.08727273,7.2,14.6,62.06303725,HEALTHY
3.6,264.9,848.8,606,43.08727273,4.5,10.9,102.1390374,HEALTHY
3.1,585.2,5196.5,5070,43.08727273,4.8,17.8,75.19713262,HEALTHY
3.1,503.7,3311.3,3268,43.08727273,3.6,10,44.38914027,HEALTHY
3.1,474.6,1821,1700,43.08727273,5.4,14.6,83.19672131,HEALTHY
2.9,189.3,1144.9,902,43.08727273,3.8,11.6,129.1333333,HEALTHY
2.9,398.8,365.2,192,43.08727273,5.1,11.5,39.68105066,HEALTHY
2.1,687.2,4012.1,3770,43.08727273,5.9,14.3,52.77333333,HEALTHY
2.1,320.2,1110.4,960,43.08727273,3.3,8.9,66.56826568,HEALTHY
2.1,489.2,74,3002.074718,43.08727273,3.6,13,63.76146789,HEALTHY
1.9,489.2,394.8,340,43.08727273,7.6,13.6,52.37037037,HEALTHY
1.9,110.7,192.5,134,43.08727273,2.9,7.8,80.41284404,HEALTHY
1.6,291.2,133.2,74,43.08727273,4.1,8.7,61.96319018,HEALTHY
1.4,369.8,2349,2262,43.08727273,5.3,14,24.86714976,HEALTHY
1.4,180.5,493.5,310,43.08727273,3.6,10.2,302.295082,HEALTHY
0.4,442.5,310.9,134,43.08727273,5.6,11.5,83.20754717,HEALTHY
5.8,380.5,988.95,2053.8,14,4.05,7,122.4691071,HEALTHY
3.5,402,1045.26,2165.7,35.6,3.262626263,8.062170088,122.4691071,HEALTHY
3.3,249,1476.96,3117.3,28.6,2.62,8.3,122.4691071,HEALTHY
2.5,419.3,2182.95,4684.8,61.2,3.68,4.5,122.4691071,HEALTHY
2.5,326.6,1604.01,3432.3,15.6,2.59,3,122.4691071,HEALTHY
2.5,389.1,941.31,2015.1,26.6,3.262626263,8.062170088,122.4691071,HEALTHY
2.3,369.7,971.64,2022.3,17.6,3.39,3.4,122.4691071,HEALTHY
1.8,466.7,1287.81,2742.9,29.1,3.262626263,8.062170088,122.4691071,HEALTHY
1.8,376.2,464.88,937.5,21.1,3.37,6.4,122.4691071,HEALTHY
1.5,246.8,2448.6,5254.8,70.2,2.42,5.4,122.4691071,HEALTHY
1.5,346,791.16,1641,18.6,3.06,8.062170088,122.4691071,HEALTHY
1,384.8,427.35,885.3,11,2.89,4.1,122.4691071,HEALTHY
5.5,637,3340.8,6000.3,82,3.262626263,5.9,95.0617284,HEALTHY
1.5,372.8,2337.6,1877.6,42.5,3.262626263,5.7,70.79069767,HEALTHY
0.5,238.6,297.6,449,14.6,3.262626263,3.7,178.255814,HEALTHY
9.5,541.1,3014.4,4530.8,43.08727273,3.262626263,8.062170088,122.4691071,HEALTHY
3.5,249.3,2745.6,1877.6,69.1,3.262626263,8.062170088,122.4691071,HEALTHY
3,434.6,2193.6,2612.4,78.5,3.262626263,5.6,246.3492063,HEALTHY
10.6,425.8,7526.7,5380,183.4,2.77,14.7,122.4691071,HEALTHY
7.5,270.5,2372.6,1600,45.5,2.21,14.1,122.4691071,HEALTHY
5.8,393.4,7560.4,5460,173.6,2.66,15.5,122.4691071,HEALTHY
5,430.1,4398.6,3060,101.5,1.62,14.5,122.4691071,HEALTHY
5,341.7,1848,1180,63,2.65,15.3,122.4691071,HEALTHY
4.5,238.2,1843.2,1320,56.7,2.5,11.8,122.4691071,HEALTHY
4.3,358.9,8604.7,6740,198.8,3.5,11,122.4691071,HEALTHY
3.8,430.1,2627.6,1940,123.9,2.42,13.3,122.4691071,HEALTHY
3,320.1,2940.4,2000,55.3,3.25,12.3,122.4691071,HEALTHY
8.3,485.7,10944,19776,178.3,4.793636364,7.9,105.5479452,UNHEALTHY
7.1,613.2,48297.6,123411.4,659.1,4.63,3.3,55.58994197,UNHEALTHY
1.8,3374.1,8112,16429,193,7.98,3.7,46.44230769,UNHEALTHY
1.6,483.3,7032,16204.6,27.3,6.87,2.8,65.54545455,UNHEALTHY
1.3,607.5,6604.8,13408.6,152.6590361,8.04,2.6,55.24904215,UNHEALTHY
0.9,514.35,12777.6,29960,58.1,5.25,3.9,60.08213552,UNHEALTHY
0.9,844.95,6249.6,13143.2,46.2,6.49,4.7,66.42369021,UNHEALTHY
0.4,1794.45,3110.4,5714.4,64,4.92,6.5,65.46728972,UNHEALTHY
7.724390244,717.75,16910.4,45797.2,150.9,9.2,2.3,41.38129496,UNHEALTHY
7.3,692.4,9748.8,15582,155.1,4.793636364,5.1,88.85714286,UNHEALTHY
2.8,2141.1,4248,7316.4,210.5,4.793636364,5.3,58.24626866,UNHEALTHY
27.9,1792.5,6241.8,13705.23266,89.8,4.793636364,5.918181818,78.86952263,UNHEALTHY
25.9,1027.2,7209.1,21855,67.7,6.05,0.9,67.52,UNHEALTHY
25.4,897.9,5693.2,15021,34.1,4.86,2.3,80.77,UNHEALTHY
25.4,1842.1,5260,15032,81.3,4.793636364,5.918181818,63.75,UNHEALTHY
22.1,1219.1,7122.5,16560,67.7,5.23,5.918181818,70.26,UNHEALTHY
10.3,824.6,5587.3,15709,52.2,5.83,0.7,56.46,UNHEALTHY
8.8,800.9,5962.7,15417,73.8,5.77,1.3,53.38,UNHEALTHY
5.3,2680.7,5717.2,12630,306.1,3.68,3.2,78.86952263,UNHEALTHY
3.5,2238.7,3402.4,7405,171.1,3.69,2.5,67.76,UNHEALTHY
2.8,1814,1669.9,3499,105.4,3.5,2.8,55.57,UNHEALTHY
1.5,2314.2,1116.5,2986,144.5,3.56,2.6,78.86952263,UNHEALTHY
1.3,928,895.1,2356,45.7,2.8,3.6,78.86952263,UNHEALTHY
1,1488.5,808.5,1983,53.2,3.69,3.4,78.86952263,UNHEALTHY
7.724390244,1544.996875,6558.34916,13705.23266,152.6590361,4.793636364,5.918181818,78.86952263,UNHEALTHY
5.5,1857.8,1703.52,2966.4,3.9,4.793636364,5.918181818,86.91099476,UNHEALTHY
1.5,2279.6,1444.32,2393.94,5.7,4.793636364,1.8,90.75675676,UNHEALTHY
1.3,2166.7,2743.2,4956.24,7.4,4.793636364,1.6,98.29411765,UNHEALTHY
0.5,1544.996875,2206.08,3829.68,152.6590361,4.793636364,5.918181818,78.86952263,UNHEALTHY
7.724390244,1239.9,2342.88,4068.48,2.1,4.793636364,5.918181818,77.96296296,UNHEALTHY
7.724390244,2494.8,1465.92,2406.18,3.9,4.793636364,5.918181818,73.76106195,UNHEALTHY
9.5,2009,6558.34916,74981.6,585.2,4.793636364,2.3,81.91256831,UNHEALTHY
5.3,2548,11107.2,18612.8,295.4,4.793636364,5.3,115.6589147,UNHEALTHY
2.8,1152.6,13176,28021.2,403.4,4.793636364,7.7,78.1025641,UNHEALTHY
2.8,2324.3,12792,24449.6,387.2,4.793636364,4.8,115.7251908,UNHEALTHY
2.5,590.1,11937.6,23368,225.2,4.793636364,5.3,93.04347826,UNHEALTHY
1.8,2633.3,10089.6,18694.4,319.7,4.793636364,6.6,83.07692308,UNHEALTHY
1.8,628.5,7742.4,12204.4,56,4.793636364,5.8,96.16352201,UNHEALTHY
1.5,1016.2,6907.2,10306.4,106.4,4.793636364,3,79.47643979,UNHEALTHY
1.5,2013.3,4411.2,7183.8,149.6,4.793636364,6.7,85.85227273,UNHEALTHY
0.8,345.1,4147.2,6204.2,33.5,4.793636364,7.5,119.6875,UNHEALTHY
7.724390244,2486.3,7867.2,11673.8,200.9,4.793636364,5.6,72.8708134,UNHEALTHY
34.7,1444.5,11607.7,31639,100.1,4.793636364,5.918181818,60.21582734,UNHEALTHY
26.6,643.4,9745.3,24129,97.7,4.77,0.4,83.78787879,UNHEALTHY
22.6,1380.5,10370.9,24001,454.4,5.3,4.2,82.27272727,UNHEALTHY
22.1,475.1,9754.9,23522,88.2,4.52,5.918181818,48.4457478,UNHEALTHY
18.1,709.4,13012.9,33319,161.3,5.5,3.4,67.04918033,UNHEALTHY
17.3,519.8,10014.8,23103,124.7,5.48,4.2,73.28888889,UNHEALTHY
17.3,464.4,5645,13003,73.9,4.793636364,5.918181818,78.86952263,UNHEALTHY
15.1,1261.2,4321.6,9668,77.9,4.793636364,5.918181818,60.36290323,UNHEALTHY
14.3,816,3859.6,8303,93.7,5.2,5.918181818,71.79487179,UNHEALTHY
14.1,385.6,7801,19732,127.9,5.04,4.7,74.36936937,UNHEALTHY
12.6,1813,7752.9,17447,202.6,5.75,0.5,53.65384615,UNHEALTHY
11.1,517.7,9182.2,20444,72.3,4.793636364,5.918181818,79.09090909,UNHEALTHY
10.6,1199.5,8373.7,19441,146.2,4.43,4.1,66.58634538,UNHEALTHY
9.8,1265.5,12363.3,33249,9.5,4.793636364,5.918181818,78.86952263,UNHEALTHY
4.5,1001.3,7300.5,17202,280.4,6.02,5.918181818,54.95016611,UNHEALTHY
4.5,385.6,6920.3,14881,99.3,3.86,1.4,62.70992366,UNHEALTHY
4.5,1139.8,3556.4,6974,124.7,3.72,4.3,67.36625514,UNHEALTHY
4.3,792.5,3128.1,6542,83.4,4.793636364,5.918181818,78.86952263,UNHEALTHY
7.724390244,1544.996875,9774.1,22834,152.6590361,4.793636364,5.918181818,78.86952263,UNHEALTHY
7.724390244,1544.996875,7598.9,16922,152.6590361,4.793636364,5.918181818,78.86952263,UNHEALTHY
2.8,1152.6,19.2,40.8,0.7,4.793636364,5.918181818,21.46052632,UNHEALTHY
2.3,1182.4,4.8,40.8,152.6590361,4.793636364,5.918181818,29.18478261,UNHEALTHY
1.8,2396.8,14.4,40.8,2,4.793636364,5.918181818,39.11057692,UNHEALTHY
1.5,1297.5,6558.34916,13705.23266,0.2,4.793636364,0.2,45.32394366,UNHEALTHY
0.5,21.3,8424,14286,288.7,4.793636364,5.7,26.13598673,UNHEALTHY
0.3,1173.9,835.2,1204.2,24.5,4.793636364,4.1,20.2970297,UNHEALTHY
7.724390244,2083.6,489.6,755.2,60.5,4.793636364,2.7,33.9869281,UNHEALTHY
7.724390244,1014.1,456,591.8,23.2,4.793636364,0.5,41.76020408,UNHEALTHY
7.724390244,1512.6,163.2,306.2,39.4,4.793636364,4.2,44.48863636,UNHEALTHY
15.3,649.8,5755.7,13750,76.3,2.51,5.918181818,107.3026316,UNHEALTHY
14.8,549.7,5558.4,12513,46.1,3.06,8.8,87.72972973,UNHEALTHY
14.6,2311.6,10621.1,19487,529.9,3.54,3.2,75.02304147,UNHEALTHY
14.6,2633.3,8441.1,18811,503.7,3.42,3.3,66.3562753,UNHEALTHY
14.6,739.3,4716.2,11347,69.1,3.48,4.5,93.73563218,UNHEALTHY
10,1544.996875,3161.8,7102,58,3.11,4.3,102.4203822,UNHEALTHY
9.8,892.7,6978.1,15697,205.8,2.99,5.8,97.24550898,UNHEALTHY
9.8,786.1,3686.4,8198,152.6590361,4.62,5.918181818,82.46231156,UNHEALTHY
9.5,1331.5,4918.4,11044,206.6,4.793636364,5.918181818,82.47474747,UNHEALTHY
7.5,2151.8,7464.2,17551,531.5,3,10.5,86.26315789,UNHEALTHY
6.8,453.8,5168.6,11592,85.8,3,5.2,104.7096774,UNHEALTHY
5.8,394.1,4312,10321,59.6,4.793636364,5.918181818,102.0987654,UNHEALTHY
4.5,462.3,7127.3,17598,154.9,2.89,5.6,93.73563218,UNHEALTHY
3.3,835.1,2358.1,5073,172.4,3.31,2.6,87.23404255,UNHEALTHY
51.5,206.7,6558.34916,19720.92,27.7,4.793636364,5.918181818,125.4198473,UNHEALTHY
17.1,1642.6,3834.72,6891,71.2,4.793636364,2.5,100.8433735,UNHEALTHY
15.6,389.9,6558.34916,15557.55,61.1,4.793636364,2.2,129.921875,UNHEALTHY
11.8,1050.3,2977.92,5139.93,152.6590361,4.793636364,3.3,134.24,UNHEALTHY
1.8,2548,4386.24,8256.33,77.2,4.793636364,3.6,102.1212121,UNHEALTHY
3,669,4531.2,7918.6,110,4.793636364,5.918181818,42.60309278,UNHEALTHY
2.3,1536.1,3417.6,5673.6,136.6,4.793636364,5.918181818,41.1928934,UNHEALTHY
2,1974.9,3897.6,6694,14.6,4.793636364,5.918181818,75.93457944,UNHEALTHY
1.8,1244.2,1161.6,1489.8,26.8,4.793636364,1.8,59.85185185,UNHEALTHY
1.8,1169.6,624,1040.8,11,4.793636364,5.918181818,77.23809524,UNHEALTHY
1.5,2087.9,3883.2,5898.2,86.2,4.793636364,5.918181818,67.08333333,UNHEALTHY
1.5,816,3379.2,5245,31.3,4.793636364,5.918181818,79.60591133,UNHEALTHY
1.5,2458.6,1339.2,2040.8,33.5,4.793636364,1.5,49.32721713,UNHEALTHY
1,1994.1,4358.4,7490,128,4.793636364,5.918181818,46.18911175,UNHEALTHY
0.8,2503.3,2515.2,4245,3.8,4.793636364,5.918181818,14.81331169,UNHEALTHY
0.5,2196.5,676.8,1061.2,26.8,4.793636364,5.918181818,41.06060606,UNHEALTHY
28.4,1005.6,3909.57,9943.2,154.7,2.42,5.6,157.745098,UNHEALTHY
27.9,882,5694.24,17871,117.6,2.71,11.1,160.5,UNHEALTHY
24.1,745.7,5280.3,15096.6,131.3,3.16,6.5,125.511811,UNHEALTHY
20.3,526.2,4438.29,11528.1,83.7,2.65,6.7,169.3684211,UNHEALTHY
19.1,532.6,4561.62,11863.8,80.5,4.793636364,5.918181818,153.8461538,UNHEALTHY
17.6,679.6,4309.29,11202.6,104.9,3.55,5.6,138.8181818,UNHEALTHY
14.3,994.9,3950.67,9992.1,250,2.78,12.6,146.6055046,UNHEALTHY
7.3,1344.3,3105.81,7567.5,404.6,4.793636364,5.918181818,85.72192513,UNHEALTHY
5.8,963,2827.98,6748.8,289.2,3.36,5.918181818,98.29268293,UNHEALTHY
5.5,1386.9,3713.94,9320.4,398.3,3.05,6.7,90.39548023,UNHEALTHY
7.724390244,1544.996875,6558.34916,13705.23266,152.6590361,4.793636364,5.918181818,78.86952263,UNHEALTHY
8.8,3882.75,81.6,61.2,103.4,15.34,5.7,25.72156197,UNHEALTHY
2.6,1209.45,4612.8,4306.2,141.2,8.93,4.9,73.50253807,UNHEALTHY
2.1,836.4,8668.8,10265.6,160.7,11.43,7.6,79.67213115,UNHEALTHY
1.4,1037.1,5673.6,5724.6,120.7,8.4,6.5,78.20652174,UNHEALTHY
1,1116.3,4488,4204.2,125.6,8.47,5,75.64986737,UNHEALTHY
0.8,1186.95,6475.2,6632.8,134.7,8.1,4.8,58.92783505,UNHEALTHY
10,10.7,13080,14531,421.9,4.793636364,5.918181818,47.22222222,UNHEALTHY
9.5,1480.7,494.4,755.2,15.1,4.793636364,5.918181818,78.86952263,UNHEALTHY
5,549.7,3801.6,2979.6,74.5,4.793636364,5.918181818,109.0344828,UNHEALTHY
3.5,2563,8404.8,14143.2,172.1,4.793636364,5.918181818,110.0689655,UNHEALTHY
3.3,1141.9,2448,3694,246.8,4.793636364,5.918181818,49.44615385,UNHEALTHY
3.3,2004.8,648,898,34.9,4.793636364,5.918181818,73.48214286,UNHEALTHY
2.8,2294.5,297.6,449,63.7,4.793636364,5.918181818,44.80446927,UNHEALTHY
2.5,2062.3,7876.8,12367.6,125.3,4.793636364,5.918181818,73.13364055,UNHEALTHY
2.5,2616.2,6182.4,9490,152.6590361,4.793636364,5.918181818,97.60736196,UNHEALTHY
1.3,2605.6,408,510.2,50.6,4.793636364,5.918181818,62.58687259,UNHEALTHY
0.5,1231.4,3278.4,5245,45.2,4.793636364,5.918181818,102.0512821,UNHEALTHY
7.724390244,2705.7,19.2,102,12.4,4.793636364,5.918181818,27.36672052,UNHEALTHY
3.3,2392.5,3682.08,7178.76,97.4,4.793636364,5.1,83.86934673,UNHEALTHY
1.5,1847.1,4145.76,7833.87,129,4.793636364,6.9,86.17346939,UNHEALTHY
1,1297.5,3697.92,6783.84,152.6590361,4.793636364,5.918181818,67.73279352,UNHEALTHY
7.724390244,1614.9,2653.92,4576.65,152.6590361,4.793636364,5.918181818,102.3030303,UNHEALTHY
7.724390244,1171.8,2623.68,4448.07,49.2,4.793636364,6.9,96.19318182,UNHEALTHY
25.9,2072.7,12137.1,30776,359.8,3.38,3,62.87356322,UNHEALTHY
22.9,361.1,4644,11604,153,4.793636364,5.918181818,78.32535885,UNHEALTHY
19.8,688.8,5645,19487,215.3,4.63,5.918181818,80.33980583,UNHEALTHY
18.8,1667.5,6838.5,16980,3,4.793636364,5.918181818,75.92592593,UNHEALTHY
17.8,380.5,6804.8,15989,215.8,4.793636364,5.918181818,78.86952263,UNHEALTHY
13.8,305,4648.9,11336,81.3,3.18,4.9,75.79908676,UNHEALTHY
10.6,910.8,11853.1,28689,327.1,3.14,4,73.30396476,UNHEALTHY
10.6,225.3,7035.8,18636,219.8,3.2,2.6,93.25842697,UNHEALTHY
9,505.5,4389,10554,150.5,3.65,2.8,76.35514019,UNHEALTHY
9,296.4,4374.5,11499,97.3,2.99,7.4,86.09375,UNHEALTHY
8.8,630.6,6558.34916,23651,375.3,2.91,7.4,71.83406114,UNHEALTHY
8.3,285.6,8301.5,18659,243.4,2.82,3.1,71.16883117,UNHEALTHY
8,292.1,10327.6,31663,317.6,3.86,3,79.95098039,UNHEALTHY
7.8,859.1,3436.1,8560,7,3.24,1.6,87.25146199,UNHEALTHY
6.8,1458.4,4263.9,6076,264.9,2.59,3.6,78.42105263,UNHEALTHY
19.7,1613.55,6558.34916,85063.4,559.2,9.68,6.4,25.80301686,UNHEALTHY
7.2,969.3,19800,29347.7,332.4,8.49,7.6,48.68686869,UNHEALTHY
5,505.8,12633.6,13347.3,214.1,11.16,10,69.20930233,UNHEALTHY
4.6,1076.7,8419.2,9275.8,155.8,6.52,10,62.47826087,UNHEALTHY
4.1,1280.1,3614.4,3265.4,193.6,11.89,7.9,66.51480638,UNHEALTHY
3.9,2916.3,9806.4,9969.6,282.1,12.6,9.5,48.67986799,UNHEALTHY
3.7,2452.95,15580.8,18684.2,293.5,8.12,7.3,52.54545455,UNHEALTHY
3,1048.35,9508.8,8092,228.1,8.06,5.2,41.71589311,UNHEALTHY
2.8,2012.1,7387.2,6459.4,226,7.99,5.9,60.86021505,UNHEALTHY
1.4,1622.1,6921.6,7143,222.2,12.84,5.3,55.98484848,UNHEALTHY
7.724390244,1544.996875,6558.34916,13705.23266,152.6590361,4.793636364,5.918181818,78.86952263,UNHEALTHY
7.724390244,1544.996875,6558.34916,13705.23266,152.6590361,4.793636364,5.918181818,78.86952263,UNHEALTHY
8.8,694.5,11059.2,17694.4,173,4.793636364,6.1,72.07373272,UNHEALTHY
6.8,1231.4,5203.2,8551.2,199.6,4.793636364,5.3,132.7350427,UNHEALTHY
6,1544.996875,6558.34916,13705.23266,152.6590361,4.793636364,5.918181818,78.86952263,UNHEALTHY
4,396.3,7305.6,14122.8,160.9,4.793636364,4,112.7536232,UNHEALTHY
3.5,1689.5,14121.6,22204.6,294.1,4.793636364,8.7,75.51219512,UNHEALTHY
2.5,498.5,8188.8,13939.2,146,4.793636364,6.7,76.79802956,UNHEALTHY
2.3,728.6,6558.34916,62797.6,370.6,4.793636364,5.6,49.61783439,UNHEALTHY
2,357.9,3326.4,5183.8,50.6,4.793636364,4.4,71.15207373,UNHEALTHY
1.5,720.1,4910.4,7877.8,120.4,4.793636364,6.6,79.33333333,UNHEALTHY
0.8,1303.8,5606.4,8694.2,214.4,4.793636364,5.3,90.69767442,UNHEALTHY
0.8,1642.6,3340.8,4632.8,78.5,4.793636364,5.918181818,73.66515837,UNHEALTHY
15.3,1257,6558.34916,16396.35,156.4,4.793636364,6.5,118.7412587,UNHEALTHY
2.8,1476.4,4760.64,9165.54,177.3,4.793636364,7.6,101.5243902,UNHEALTHY
1,1259.1,3885.12,6964.47,149.9,4.793636364,8.9,125.8208955,UNHEALTHY
1,432.5,6558.34916,16276.95,112.9,4.793636364,5.1,111.9463087,UNHEALTHY
0.8,287.6,6558.34916,18958.65,85.5,4.793636364,4.3,91.36612022,UNHEALTHY
7.724390244,1186.7,456.48,734.7,46.9,4.793636364,3.2,91,UNHEALTHY
16.8,3354.3,24,13705.23266,93.2,22.41,10.7,27.62867647,UNHEALTHY
15,3108.45,57.6,13705.23266,64,16.07,10,25.36502547,UNHEALTHY
14.1,3942.15,24,13705.23266,116.4,21.65,8.4,28.95381715,UNHEALTHY
9.7,3246.9,52.8,13705.23266,48.3,14.12,9.7,28.59683794,UNHEALTHY
6.6,1544.996875,33.6,13705.23266,26.2,14.21,11.6,24.9031171,UNHEALTHY
4.8,1319.7,38.4,13705.23266,17,15.51,10.5,24.40816327,UNHEALTHY
0.6,1859.4,830.4,1408.2,135.3,5.32,13,49.94708995,UNHEALTHY
25.9,1495.6,33811.2,66430.2,422.8,4.793636364,5.4,90.53571429,UNHEALTHY
7.8,1159,7876.8,12796.2,209.2,4.793636364,6.9,93.14814815,UNHEALTHY
14.1,2878.3,1041.12,1594.95,164.9,4.793636364,2.5,45.77903683,UNHEALTHY
53.5,656.2,36100.8,28225.23,771.8,4.793636364,3.2,96.125,UNHEALTHY
17.6,2268.9,46.08,88.77,171.2,4.793636364,13.4,45.03957784,UNHEALTHY
12.6,377.1,36633.6,28258.89,672.5,4.793636364,5.918181818,167.2043011,UNHEALTHY
10.3,274.8,32760,25589.43,646.6,4.793636364,7.6,194.6835443,UNHEALTHY
6.3,1372,4698.72,8932.89,465.2,4.793636364,9.3,76.63366337,UNHEALTHY
6,2592.8,17640,17060.64,575.1,4.793636364,3.2,117.1212121,UNHEALTHY
4.8,743.5,13305.6,14274.87,430.3,4.793636364,10.2,117.2727273,UNHEALTHY
4.8,236.5,5587.2,12777.87,258.7,4.793636364,4.2,119.379845,UNHEALTHY
16.6,2654.6,14175.3,15453.45,472.8,4.793636364,5.918181818,100.4733728,UNHEALTHY
13.6,939.5,35126.4,27750.72,568.1,3.92,9.5,151.1607143,UNHEALTHY
10.3,483.6,29881.5,22711.83,478.2,3.11,8.7,223.1578947,UNHEALTHY
9.8,1259.1,21759,20394.42,363.2,4.79,5.918181818,124.2647059,UNHEALTHY
8.8,649.8,19165.2,19445.4,423.3,3.25,5.918181818,212.875,UNHEALTHY
8.5,596.5,5293.08,11648.25,208.8,3.46,6.5,227.1232877,UNHEALTHY
7.8,1544.996875,15195.9,16191.24,152.6590361,4.793636364,5.918181818,78.86952263,UNHEALTHY
7.5,671.1,6558.34916,14412.63,345.9,3.85,5.918181818,136.8292683,UNHEALTHY
6.3,988.5,5200.92,11149.26,254.1,3.31,9.8,131.9379845,UNHEALTHY
5.8,869.2,412.5,676.56,171.9,2.21,6.4,244.057971,UNHEALTHY
5.3,176.8,5606.34,12704.4,252.3,4.94,6.6,178,UNHEALTHY
4.8,1761.9,4555.95,8801.25,329.2,4.78,5.918181818,135.1181102,UNHEALTHY
4.3,543.3,5115.87,10729.86,279.7,4.99,6.9,134.6875,UNHEALTHY
3.3,1037.5,3056.19,5112.39,300,3.9,4.4,131.1023622,UNHEALTHY
7.724390244,1544.996875,2248.2,3820.5,152.6590361,4.793636364,5.918181818,78.86952263,UNHEALTHY
47.5,3486.45,6558.34916,13705.23266,499.2,2.18,7.3,93.63095238,UNHEALTHY
20.3,2961.75,6558.34916,13705.23266,567.3,2.26,7,80.44444444,UNHEALTHY
19.8,3915.45,38059.2,13705.23266,30.5,2.4,5.2,62.53829322,UNHEALTHY
14.6,2813.25,26784,13705.23266,515.4,2.55,9.4,83.54651163,UNHEALTHY
9.3,3407.25,15715.2,13705.23266,268.6,1.58,5.5,84.28985507,UNHEALTHY
7,4238.85,14712,13705.23266,7.3,1.94,6.2,74.22572178,UNHEALTHY
7,2928.75,1785.6,13705.23266,5.7,4.793636364,5.918181818,61.37044968,UNHEALTHY
5,2905.65,902.4,13705.23266,6.8,2.99,6.3,65.64220183,UNHEALTHY
4.8,4232.25,48,13705.23266,3.5,2.79,4.2,66.17169374,UNHEALTHY
4.3,1272.15,633.6,13705.23266,4.6,3.87,4.7,61.06837607,UNHEALTHY
4,2275.35,6558.34916,13705.23266,21.3,1.59,9.9,82.15909091,UNHEALTHY
2.8,2912.25,3849.6,13705.23266,17,2.7,6.4,76.22047244,UNHEALTHY
2,3938.55,17731.2,13705.23266,65.6,3.6,5.1,60.08298755,UNHEALTHY
1.8,4040.85,3979.2,13705.23266,26.7,3.57,7.7,62.67818575,UNHEALTHY
1.8,1859.55,134.4,13705.23266,152.6590361,2.46,6.2,83.17919075,UNHEALTHY
1.5,2852.85,3936,13705.23266,4.6,3.03,5.5,50.97472924,UNHEALTHY
1,1331.55,2923.2,13705.23266,152.6590361,2.52,8,70.48780488,UNHEALTHY
0.8,1503.15,2702.4,13705.23266,11.1,3.05,9.3,57.02970297,UNHEALTHY
0.5,2047.65,624,13705.23266,152.6590361,4,6.5,77.67567568,UNHEALTHY
0.5,3077.25,76.8,13705.23266,152.6590361,2.84,5.3,81.21883657,UNHEALTHY
7.724390244,1945.35,3278.4,13705.23266,12.7,2.84,8.1,71.46401985,UNHEALTHY
7.724390244,4070.55,1152,13705.23266,3,3.12,6.3,71.9201995,UNHEALTHY
7.724390244,2074.05,244.8,13705.23266,152.6590361,2.22,8.8,75.70291777,UNHEALTHY
7.724390244,2763.75,105.6,13705.23266,152.6590361,2.23,6.3,56.31683168,UNHEALTHY
11.1,1395.45,43.2,13705.23266,0.3,2.74,7.7,78.67403315,UNHEALTHY
8,2778.3,14740.8,13705.23266,324.8,2.77,7.9,71.6372796,UNHEALTHY
7.5,148.05,16756.8,13705.23266,127.2,3.08,7.8,86.16314199,UNHEALTHY
6.8,2721.6,40060.8,13705.23266,331.3,2.4,7.6,72.2,UNHEALTHY
6.8,2485.35,9542.4,13705.23266,54.3,2.33,13,67.01176471,UNHEALTHY
4.5,3153.15,3134.4,13705.23266,33.8,1.27,14.4,70.31941032,UNHEALTHY
3,1729.35,12249.6,13705.23266,17,2.56,7.2,68.48192771,UNHEALTHY
2.5,3405.15,39268.8,13705.23266,233,3.79,6.3,90,UNHEALTHY
2,3427.2,4780.8,13705.23266,14.9,1.8,5.8,80.56497175,UNHEALTHY
1,1858.5,3974.4,13705.23266,21.9,2.42,8.1,70.42183623,UNHEALTHY
1,1556.1,2985.6,13705.23266,3.5,2.52,8.3,51.61172161,UNHEALTHY
0.8,1367.1,206.4,13705.23266,2.4,2.27,7.7,58.03757829,UNHEALTHY
0.5,2787.75,321.6,13705.23266,3.5,4.27,6.8,79.83286908,UNHEALTHY
0.5,1908.9,144,13705.23266,152.6590361,2.51,9,85.6379822,UNHEALTHY
0.3,2753.1,13171.2,13705.23266,35.4,3.64,7.9,76.83646113,UNHEALTHY
0.3,2497.95,6384,13705.23266,28.4,4.793636364,5.918181818,78.69209809,UNHEALTHY
0.3,2753.1,1243.2,13705.23266,3.5,4.76,4.9,80.22222222,UNHEALTHY
0.3,1357.65,1036.8,13705.23266,10,2.15,6.3,61.42857143,UNHEALTHY
0.3,2800.35,897.6,13705.23266,10,2.51,9,68.80195599,UNHEALTHY
7.724390244,1644.3,4929.6,13705.23266,26.2,1.92,8,62.19730942,UNHEALTHY
7.724390244,1704.15,2587.2,13705.23266,5.1,2.58,5.4,88.63354037,UNHEALTHY
7.724390244,1357.65,2169.6,13705.23266,25.7,3.03,8.1,72.3,UNHEALTHY
7.724390244,2198.7,220.8,13705.23266,3,4.05,6,64.76190476,UNHEALTHY
7.724390244,1571.85,196.8,13705.23266,2.4,2.24,8.5,75.59681698,UNHEALTHY
7.724390244,1033.2,72,13705.23266,1.3,2.76,6.7,71.81818182,UNHEALTHY
7.724390244,1294.65,57.6,13705.23266,3,2.59,7.9,69.408867,UNHEALTHY
7.724390244,1565.55,14.4,13705.23266,4.1,2.54,8.6,70.66997519,UNHEALTHY
6,1544.996875,2016,13705.23266,0.3,4.58,4.3,27.47531735,UNHEALTHY
5,1544.996875,4680,13705.23266,3,5.42,6.3,63.38530067,UNHEALTHY
4.3,1544.996875,3518.4,13705.23266,4.1,6.6,4.4,55.96837945,UNHEALTHY
3.5,1895.85,13334.4,13705.23266,12.1,3.21,8.4,52.71062271,UNHEALTHY
3,1544.996875,14822.4,13705.23266,5.7,4.06,5.9,42.87009063,UNHEALTHY
2.5,1544.996875,2596.8,13705.23266,152.6590361,4.39,5.6,55.17374517,UNHEALTHY
1.3,1544.996875,2145.6,13705.23266,152.6590361,4.38,7,66.27906977,UNHEALTHY
1.3,2651.55,1180.8,13705.23266,0.8,3.5,6.7,62.83842795,UNHEALTHY
0.8,1544.996875,249.6,13705.23266,152.6590361,4.2,6,64.81981982,UNHEALTHY
0.8,1544.996875,134.4,13705.23266,152.6590361,4.15,7.7,29.51557093,UNHEALTHY
0.5,1544.996875,801.6,13705.23266,0.3,4.56,5.5,16.30393996,UNHEALTHY
0.5,1544.996875,724.8,13705.23266,152.6590361,4.66,5.8,54.29657795,UNHEALTHY
0.3,1544.996875,350.4,13705.23266,152.6590361,6.1,5.3,59.04958678,UNHEALTHY
7.724390244,1544.996875,5870.4,13705.23266,13.8,3.68,7.4,40.3125,UNHEALTHY
7.724390244,1544.996875,2049.6,13705.23266,0.8,4.88,6.3,60.5982906,UNHEALTHY
7.724390244,3615.15,1862.4,13705.23266,0.3,3.56,6.5,60.76109937,UNHEALTHY
7.724390244,2473.35,1353.6,13705.23266,152.6590361,3.25,7.8,54.93333333,UNHEALTHY
7.724390244,1087.35,57.6,13705.23266,152.6590361,4.29,7.6,44.9691358,UNHEALTHY
